trump,40
support,37
supreme,25
reform,21
fans,21
sweeping,19
top,17
free,15
significant,15
enjoy,13
honor,13
advocates,13
beautiful,13
intelligence,12
love,12
warm,11
successfully,11
protect,11
fast,10
safely,10
adorable,9
popular,9
award,9
blossom,9
confidence,8
awards,8
safe,8
lead,8
super,8
golden,8
ingenuity,8
joy,8
won,8
winning,8
leading,8
led,7
powerful,7
strong,7
bloom,7
motivated,7
rapid,7
renewed,6
welcome,6
relief,6
enjoying,6
hail,6
beloved,6
profound,6
easy,6
effective,6
celebration,5
hero,5
swift,5
celebrate,5
enjoyed,5
breakthrough,5
patience,5
helped,5
poised,5
amazing,5
approval,5
peace,4
master,4
comprehensive,4
helping,4
extraordinary,4
courage,4
clean,4
peaceful,4
lean,4
fresh,4
respect,4
incredibly,4
loving,4
quieter,4
steady,4
successful,4
protection,4
silent,4
supporting,4
beauty,4
classic,4
smart,3
dazzling,3
marvel,3
ready,3
best,3
appeal,3
loved,3
lucky,3
thank,3
congratulate,3
supports,3
survivor,3
sharp,3
success,3
fun,3
effectively,3
empowerment,3
grand,3
benefits,3
good,3
win,3
solidarity,3
like,3
brave,3
perfect,3
famed,3
victory,3
survival,3
excited,3
freed,3
correct,3
effectiveness,3
patient,3
happy,3
vigilance,3
hot,3
winner,3
famous,3
stunning,3
quiet,2
smiling,2
talent,2
sweetheart,2
expansive,2
worth,2
favor,2
inspiring,2
faster,2
pros,2
autonomous,2
affordable,2
positive,2
salute,2
pretty,2
reasonable,2
liberty,2
recommendations,2
openly,2
inspire,2
spectacular,2
enrich,2
privilege,2
eased,2
fiery,2
overjoyed,2
goodwill,2
gifted,2
restored,2
clear,2
prominent,2
endorsing,2
serene,2
scenic,2
supporter,2
healthy,2
miracle,2
renowned,2
fine,2
grateful,2
sufficient,2
dedicated,2
guidance,2
advocate,2
defender,2
bless,2
calm,2
thriving,2
solid,2
delighted,2
proven,2
majestic,2
revive,2
invaluable,2
honored,2
gentle,2
patriot,2
great,2
honesty,2
qualified,2
luck,2
meaningful,2
hug,2
contribution,2
picturesque,2
winners,1
pride,1
intimate,1
recommended,1
felicity,1
congratulations,1
promised,1
heartfelt,1
smile,1
leads,1
loves,1
equitable,1
humble,1
respectfully,1
improve,1
honest,1
ecstatic,1
easier,1
wins,1
faith,1
wonderful,1
remarkable,1
improvement,1
appropriate,1
genuine,1
strongest,1
noble,1
perseverance,1
pleasure,1
helpful,1
chic,1
willing,1
expeditiously,1
amazed,1
formidable,1
mesmerizing,1
simplest,1
uplifting,1
empower,1
indebted,1
cure,1
wonders,1
sensitive,1
diplomatic,1
convenience,1
spiritual,1
eases,1
saint,1
wealthy,1
properly,1
recover,1
masters,1
mature,1
sophisticated,1
electrify,1
commitment,1
illuminating,1
virtue,1
majesty,1
illuminate,1
legendary,1
dynamic,1
ovation,1
sustainable,1
freedom,1
enough,1
proud,1
passionately,1
worthy,1
perfectly,1
staunch,1
incredible,1
boom,1
promising,1
valuable,1
happily,1
attraction,1
stronger,1
secure,1
openness,1
joyous,1
celebrated,1
dawn,1
rich,1
warmth,1
idyllic,1
warmer,1
unwavering,1
triumphant,1
creative,1
confident,1
holy,1
gracefully,1
trust,1
backbone,1
gain,1
elite,1
superb,1
feisty,1
fame,1
easing,1
colorful,1
overtaking,1
advantage,1
delight,1
succeed,1
shimmering,1
wow,1
timely,1
sweet,1
